{
  "Debug Sampler" : {
    "transaction" : "Debug Sampler",
    "sampleCount" : 200,
    "errorCount" : 0,
    "errorPct" : 0.0,
    "meanResTime" : 0.3,
    "medianResTime" : 0.0,
    "minResTime" : 0.0,
    "maxResTime" : 7.0,
    "pct1ResTime" : 1.0,
    "pct2ResTime" : 1.0,
    "pct3ResTime" : 5.960000000000036,
    "throughput" : 1.10301020828337E-4,
    "receivedKBytesPerSec" : 4.425828460737022E-5,
    "sentKBytesPerSec" : 0.0
  },
  "Total" : {
    "transaction" : "Total",
    "sampleCount" : 3000,
    "errorCount" : 0,
    "errorPct" : 0.0,
    "meanResTime" : 458.30133333333424,
    "medianResTime" : 458.0,
    "minResTime" : 0.0,
    "maxResTime" : 2037.0,
    "pct1ResTime" : 607.0,
    "pct2ResTime" : 662.9499999999998,
    "pct3ResTime" : 856.9699999999993,
    "throughput" : 0.001654506886686375,
    "receivedKBytesPerSec" : 0.001774507107852583,
    "sentKBytesPerSec" : 1.95300211839477E-4
  },
  "Get_ConselhosPorId" : {
    "transaction" : "Get_ConselhosPorId",
    "sampleCount" : 2000,
    "errorCount" : 0,
    "errorPct" : 0.0,
    "meanResTime" : 483.41499999999974,
    "medianResTime" : 465.0,
    "minResTime" : 310.0,
    "maxResTime" : 906.0,
    "pct1ResTime" : 601.9000000000001,
    "pct2ResTime" : 653.0,
    "pct3ResTime" : 776.0,
    "throughput" : 0.0011030066928377983,
    "receivedKBytesPerSec" : 0.0012362550716764772,
    "sentKBytesPerSec" : 1.4058111132060578E-4
  },
  "Get_TodosConselhos" : {
    "transaction" : "Get_TodosConselhos",
    "sampleCount" : 800,
    "errorCount" : 0,
    "errorPct" : 0.0,
    "meanResTime" : 510.01749999999953,
    "medianResTime" : 467.5,
    "minResTime" : 312.0,
    "maxResTime" : 2037.0,
    "pct1ResTime" : 635.8,
    "pct2ResTime" : 789.9499999999999,
    "pct3ResTime" : 1389.6600000000012,
    "throughput" : 4.4120278930785895E-4,
    "receivedKBytesPerSec" : 4.939973994454226E-4,
    "sentKBytesPerSec" : 5.471948656454891E-5
  }
}